Team,Start Frame,End Frame,Start X,Start Y,End X,End Y,From,To
attack,48,88,19.637861545094758,-12.837002716028003,43.1269348819475,-5.037609726098776,9,10
