Team,Start Frame,End Frame,Start X,Start Y,End X,End Y,From,To
attack,82,126,-19.93460934854305,1.2447099085864302,-43.87152627468041,-8.491562394108227,8.0,11
