Team,Start Frame,End Frame,Start X,Start Y,End X,End Y,From,To
attack,16,78,-14.782312925170057,12.428571428571425,34.93324135430725,15.642436968868063,4,10
