Team,Start Frame,End Frame,Start X,Start Y,End X,End Y,From,To
attack,92,120,51.82990510529262,-33.839884331890985,46.20128208258776,-4.567656241553068,66.0,27
